{
  "metadata": {
    "embodiment_type":    "droid_lerobot",
    "pose_convention":    "backward_framewise",
    "rotation_format":    "rot6d",
    "action_dim":         10,
    "skip_rotation_dims": [3, 4, 5, 6, 7, 8],
    "chunk_length":       16,
    "sample_stride":      16,
    "dataset_name":       "droid_20260418",
    "dataset_class":      "DROIDLeRobotDataset",
    "dataset_root":       "",
    "split":              "train",
    "num_samples_stats":  1321153,
    "reservoir_size":     5000000
  },
  "global": {
    "mean": [-0.000017, -0.000612,  0.000568,  0.000000,  0.000000,  0.000000,  0.000000,  0.000000,  0.000000,  0.588911],
    "std":  [ 0.004539,  0.004054,  0.004999,  1.000000,  1.000000,  1.000000,  1.000000,  1.000000,  1.000000,  0.441186],
    "min":  [-0.075397, -0.057288, -0.056677, -1.000000, -1.000000, -1.000000, -1.000000, -1.000000, -1.000000,  0.000000],
    "max":  [ 0.073107,  0.082187,  0.077080,  1.000000,  1.000000,  1.000000,  1.000000,  1.000000,  1.000000,  1.000000],
    "q01":  [-0.014200, -0.013416, -0.015206, -1.000000, -1.000000, -1.000000, -1.000000, -1.000000, -1.000000,  0.000000],
    "q99":  [ 0.014515,  0.011517,  0.014520,  1.000000,  1.000000,  1.000000,  1.000000,  1.000000,  1.000000,  1.000000]
  },
  "global_raw": {
    "mean": [-0.000017, -0.000612,  0.000568,  0.999830,  0.000227, -0.000152, -0.000222,  0.999818,  0.000417,  0.588911],
    "std":  [ 0.004539,  0.004054,  0.004999,  0.000336,  0.014924,  0.010784,  0.014927,  0.000351,  0.011903,  0.441186],
    "min":  [-0.075397, -0.057288, -0.056677,  0.695640, -0.220599, -0.195892, -0.697421,  0.600468, -0.154176,  0.000000],
    "max":  [ 0.073107,  0.082187,  0.077080,  1.000000,  0.698449,  0.168089,  0.220605,  1.000000,  0.391206,  1.000000],
    "q01":  [-0.014200, -0.013416, -0.015206,  0.998459, -0.047659, -0.034774, -0.047609,  0.998428, -0.035553,  0.000000],
    "q99":  [ 0.014515,  0.011517,  0.014520,  1.000000,  0.047596,  0.034660,  0.047654,  1.000000,  0.038888,  1.000000]
  }
}
