{
  "metadata": {
    "embodiment_type":    "embodiment_b",
    "pose_convention":    null,
    "rotation_format":    null,
    "action_dim":         30,
    "skip_rotation_dims": [],
    "chunk_length":       16,
    "sample_stride":      16,
    "dataset_name":       "embodiment_b",
    "dataset_class":      "Embodiment_bDataset",
    "dataset_root":       "",
    "split":              "train",
    "num_samples_stats":  29959,
    "reservoir_size":     5000000
  },
  "global": {
    "mean": [ 1.736306, -1.439579, -0.668389, -2.180986, -0.140066, -0.108423,  0.082355, -0.875710,  1.008860,  0.201179,  1.680600,  0.491681, -0.079254, -0.216104,  0.388113,  0.266642,  0.840022,  0.032036,  0.015728, -0.023622,  0.994667,  0.589821, -0.233003,  0.887161, -0.020604,  0.056817,  0.174483,  0.859159,  0.298373,  0.466469],
    "std":  [ 0.258256,  0.155732,  0.166345,  0.259065,  0.150113,  0.188906,  0.151725,  0.735972,  0.454291,  0.585101,  0.423016,  0.331052,  0.294947,  0.426356,  0.082411,  0.049379,  0.054863,  0.042942,  0.047117,  0.065842,  0.020142,  0.140435,  0.134750,  0.086622,  0.241199,  0.112985,  0.267914,  0.291596,  0.199299,  0.378883],
    "min":  [-0.210359, -1.590618, -2.304231, -2.450943, -1.152912, -0.820512, -0.360174, -3.004326, -1.608063, -1.690435,  0.127842, -1.044611, -0.735398, -1.531176,  0.247331, -0.017434,  0.461093, -0.075683, -0.261053, -0.638773,  0.162428,  0.251857, -0.709606,  0.437299, -0.793154, -0.370741, -0.701581, -0.499994,  0.166667,  0.166667],
    "max":  [ 2.898517,  1.205229,  1.096718, -0.532735,  0.288580,  0.516904,  0.841676,  1.171752,  1.608063,  2.833071,  2.567994,  1.932145,  0.822665,  1.028385,  0.918418,  0.457046,  1.316623,  0.793569,  0.204932,  0.131193,  0.999951,  0.985773,  0.198002,  1.260103,  0.889235,  0.491383,  0.829481,  0.999999,  1.000000,  1.000000],
    "q01":  [ 0.855471, -1.590571, -0.868137, -2.450919, -0.492864, -0.820464, -0.221557, -2.603151, -1.029259, -1.337718,  0.634284, -0.325527, -0.703343, -1.367646,  0.295801,  0.164838,  0.697646, -0.027419, -0.120393, -0.156538,  0.968709,  0.311899, -0.534542,  0.757548, -0.630892, -0.165377, -0.629816, -0.378646,  0.166667,  0.166667],
    "q99":  [ 2.018381, -1.090716, -0.124196, -1.152713,  0.110422,  0.177702,  0.344905,  0.813681,  1.608063,  1.769150,  2.396629,  1.414085,  0.645255,  0.542724,  0.589946,  0.352675,  0.947880,  0.122770,  0.125947,  0.115921,  0.999723,  0.887231,  0.080622,  1.114126,  0.784541,  0.386300,  0.704707,  0.999596,  0.583333,  1.000000]
  }
}
