{
  "metadata": {
    "embodiment_type":    "fractal",
    "pose_convention":    "backward_framewise",
    "rotation_format":    "rot6d",
    "action_dim":         10,
    "skip_rotation_dims": [3, 4, 5, 6, 7, 8],
    "chunk_length":       16,
    "sample_stride":      16,
    "dataset_name":       "fractal_20260413",
    "dataset_class":      "FractalLeRobotDataset",
    "dataset_root":       "",
    "split":              "train",
    "num_samples_stats":  166961,
    "reservoir_size":     5000000
  },
  "global": {
    "mean": [ 0.002259,  0.000721,  0.009372,  0.000000,  0.000000,  0.000000,  0.000000,  0.000000,  0.000000,  0.526947],
    "std":  [ 0.014178,  0.016428,  0.022554,  1.000000,  1.000000,  1.000000,  1.000000,  1.000000,  1.000000,  0.499273],
    "min":  [-0.151886, -0.176424, -0.194576, -1.000000, -1.000000, -1.000000, -1.000000, -1.000000, -1.000000,  0.000000],
    "max":  [ 0.130892,  0.190835,  0.193839,  1.000000,  1.000000,  1.000000,  1.000000,  1.000000,  1.000000,  1.000000],
    "q01":  [-0.039816, -0.049270, -0.056266, -1.000000, -1.000000, -1.000000, -1.000000, -1.000000, -1.000000,  0.000000],
    "q99":  [ 0.043860,  0.050352,  0.072505,  1.000000,  1.000000,  1.000000,  1.000000,  1.000000,  1.000000,  1.000000]
  },
  "global_raw": {
    "mean": [ 0.002259,  0.000721,  0.009372,  0.998347,  0.001789,  0.002694, -0.001861,  0.997811,  0.016366,  0.526947],
    "std":  [ 0.014178,  0.016428,  0.022554,  0.003377,  0.043416,  0.037369,  0.043211,  0.004566,  0.047057,  0.499273],
    "min":  [-0.151886, -0.176424, -0.194576,  0.520558, -0.676280, -0.822475, -0.460521,  0.736643, -0.517041,  0.000000],
    "max":  [ 0.130892,  0.190835,  0.193839,  1.000000,  0.461026,  0.403940,  0.671708,  1.000000,  0.505528,  1.000000],
    "q01":  [-0.039816, -0.049270, -0.056266,  0.983667, -0.134543, -0.107048, -0.126518,  0.977277, -0.091363,  0.000000],
    "q99":  [ 0.043860,  0.050352,  0.072505,  1.000000,  0.127404,  0.107273,  0.134140,  1.000000,  0.179731,  1.000000]
  }
}
