{
  "metadata": {
    "embodiment_type":    "robomind-franka-dual",
    "pose_convention":    "backward_framewise",
    "rotation_format":    "rot6d",
    "action_dim":         20,
    "skip_rotation_dims": [3, 4, 5, 6, 7, 8, 13, 14, 15, 16, 17, 18],
    "chunk_length":       16,
    "sample_stride":      16,
    "dataset_name":       "robomind_franka_dual_20260414",
    "dataset_class":      "RoboMINDFrankaDataset",
    "dataset_root":       "",
    "split":              "train",
    "num_samples_stats":  21410,
    "reservoir_size":     5000000
  },
  "global": {
    "mean": [ 0.000231,  0.000179, -0.000319,  0.000000,  0.000000,  0.000000,  0.000000,  0.000000,  0.000000,  0.638652,  0.000148, -0.000377, -0.000241,  0.000000,  0.000000,  0.000000,  0.000000,  0.000000,  0.000000,  0.815273],
    "std":  [ 0.014881,  0.008081,  0.014371,  1.000000,  1.000000,  1.000000,  1.000000,  1.000000,  1.000000,  0.464058,  0.010628,  0.005868,  0.007900,  1.000000,  1.000000,  1.000000,  1.000000,  1.000000,  1.000000,  0.366049],
    "min":  [-0.115093, -0.096415, -0.112595, -1.000000, -1.000000, -1.000000, -1.000000, -1.000000, -1.000000,  0.000000, -0.091252, -0.052148, -0.113650, -1.000000, -1.000000, -1.000000, -1.000000, -1.000000, -1.000000,  0.000000],
    "max":  [ 0.114941,  0.063433,  0.098721,  1.000000,  1.000000,  1.000000,  1.000000,  1.000000,  1.000000,  1.000000,  0.123908,  0.077951,  0.080229,  1.000000,  1.000000,  1.000000,  1.000000,  1.000000,  1.000000,  0.999628],
    "q01":  [-0.051367, -0.031964, -0.046482, -1.000000, -1.000000, -1.000000, -1.000000, -1.000000, -1.000000,  0.000000, -0.035108, -0.021212, -0.029788, -1.000000, -1.000000, -1.000000, -1.000000, -1.000000, -1.000000,  0.000000],
    "q99":  [ 0.043729,  0.021737,  0.036738,  1.000000,  1.000000,  1.000000,  1.000000,  1.000000,  1.000000,  1.000000,  0.047581,  0.021270,  0.025712,  1.000000,  1.000000,  1.000000,  1.000000,  1.000000,  1.000000,  0.995443]
  },
  "global_raw": {
    "mean": [ 0.000231,  0.000179, -0.000319,  0.999350,  0.000318, -0.000135, -0.000286,  0.999586, -0.000051,  0.638652,  0.000148, -0.000377, -0.000241,  0.999294,  0.000343,  0.000431, -0.000147,  0.999580, -0.000570,  0.815273],
    "std":  [ 0.014881,  0.008081,  0.014371,  0.002235,  0.020196,  0.029781,  0.020185,  0.001125,  0.020484,  0.464058,  0.010628,  0.005868,  0.007900,  0.002664,  0.025404,  0.027550,  0.025193,  0.001657,  0.014210,  0.366049],
    "min":  [-0.115093, -0.096415, -0.112595,  0.944314, -0.271877, -0.325264, -0.254808,  0.962274, -0.227188,  0.000000, -0.091252, -0.052148, -0.113650,  0.941406, -0.265241, -0.273484, -0.290840,  0.954990, -0.264631,  0.000000],
    "max":  [ 0.114941,  0.063433,  0.098721,  1.000000,  0.258475,  0.270230,  0.271943,  1.000000,  0.221936,  1.000000,  0.123908,  0.077951,  0.080229,  1.000000,  0.296517,  0.333596,  0.269131,  1.000000,  0.139695,  0.999628],
    "q01":  [-0.051367, -0.031964, -0.046482,  0.988101, -0.053179, -0.128603, -0.075432,  0.994427, -0.059973,  0.000000, -0.035108, -0.021212, -0.029788,  0.986086, -0.098043, -0.111441, -0.093441,  0.991492, -0.058030,  0.000000],
    "q99":  [ 0.043729,  0.021737,  0.036738,  1.000000,  0.075612,  0.102791,  0.053223,  1.000000,  0.077057,  1.000000,  0.047581,  0.021270,  0.025712,  1.000000,  0.095525,  0.126049,  0.098778,  1.000000,  0.041914,  0.995443]
  }
}
