{
  "metadata": {
    "embodiment_type":    "robomind-ur",
    "pose_convention":    "backward_framewise",
    "rotation_format":    "rot6d",
    "action_dim":         10,
    "skip_rotation_dims": [3, 4, 5, 6, 7, 8],
    "chunk_length":       16,
    "sample_stride":      16,
    "dataset_name":       "robomind_ur_20260501",
    "dataset_class":      "RoboMINDURDataset",
    "dataset_root":       "",
    "split":              "train",
    "num_samples_stats":  211078,
    "reservoir_size":     5000000
  },
  "global": {
    "mean": [-0.000470,  0.000182, -0.000724,  0.000000,  0.000000,  0.000000,  0.000000,  0.000000,  0.000000,  0.688744],
    "std":  [ 0.014480,  0.011243,  0.013583,  1.000000,  1.000000,  1.000000,  1.000000,  1.000000,  1.000000,  0.371170],
    "min":  [-0.204206, -0.132684, -0.164591, -1.000000, -1.000000, -1.000000, -1.000000, -1.000000, -1.000000,  0.000000],
    "max":  [ 0.400660,  0.354529,  0.098898,  1.000000,  1.000000,  1.000000,  1.000000,  1.000000,  1.000000,  1.000000],
    "q01":  [-0.050087, -0.032055, -0.045222, -1.000000, -1.000000, -1.000000, -1.000000, -1.000000, -1.000000,  0.000000],
    "q99":  [ 0.040385,  0.036577,  0.032376,  1.000000,  1.000000,  1.000000,  1.000000,  1.000000,  1.000000,  1.000000]
  },
  "global_raw": {
    "mean": [-0.000470,  0.000182, -0.000724,  0.998910,  0.001998,  0.000529, -0.001703,  0.998614, -0.000210,  0.688744],
    "std":  [ 0.014480,  0.011243,  0.013583,  0.003004,  0.037484,  0.027562,  0.037337,  0.003758,  0.036869,  0.371170],
    "min":  [-0.204206, -0.132684, -0.164591, -0.202474, -0.937542, -0.284120, -0.671888, -0.110612, -0.442271,  0.000000],
    "max":  [ 0.400660,  0.354529,  0.098898,  1.000000,  0.707452,  0.399441,  0.944798,  1.000000,  0.398811,  1.000000],
    "q01":  [-0.050087, -0.032055, -0.045222,  0.986554, -0.114343, -0.074432, -0.128455,  0.982298, -0.132509,  0.000000],
    "q99":  [ 0.040385,  0.036577,  0.032376,  1.000000,  0.129744,  0.095558,  0.115080,  1.000000,  0.121987,  1.000000]
  }
}
