{
  "metadata": {
    "embodiment_type":    "robomind-franka",
    "pose_convention":    "backward_framewise",
    "rotation_format":    "rot6d",
    "action_dim":         10,
    "skip_rotation_dims": [3, 4, 5, 6, 7, 8],
    "chunk_length":       16,
    "sample_stride":      16,
    "dataset_name":       "robomind_franka_20260414",
    "dataset_class":      "RoboMINDFrankaDataset",
    "dataset_root":       "",
    "split":              "train",
    "num_samples_stats":  141658,
    "reservoir_size":     5000000
  },
  "global": {
    "mean": [ 0.000241,  0.000073, -0.000597,  0.000000,  0.000000,  0.000000,  0.000000,  0.000000,  0.000000,  0.630501],
    "std":  [ 0.020545,  0.010725,  0.022054,  1.000000,  1.000000,  1.000000,  1.000000,  1.000000,  1.000000,  0.434021],
    "min":  [-0.184377, -0.130924, -0.183947, -1.000000, -1.000000, -1.000000, -1.000000, -1.000000, -1.000000,  0.000000],
    "max":  [ 0.227682,  0.134118,  0.133222,  1.000000,  1.000000,  1.000000,  1.000000,  1.000000,  1.000000,  1.000000],
    "q01":  [-0.065029, -0.030683, -0.075321, -1.000000, -1.000000, -1.000000, -1.000000, -1.000000, -1.000000,  0.000000],
    "q99":  [ 0.068546,  0.036309,  0.051772,  1.000000,  1.000000,  1.000000,  1.000000,  1.000000,  1.000000,  1.000000]
  },
  "global_raw": {
    "mean": [ 0.000241,  0.000073, -0.000597,  0.998782,  0.000605,  0.000003, -0.000592,  0.998245, -0.000508,  0.630501],
    "std":  [ 0.020545,  0.010725,  0.022054,  0.004056,  0.043101,  0.023671,  0.043102,  0.004948,  0.040306,  0.434021],
    "min":  [-0.184377, -0.130924, -0.183947,  0.837403, -0.525301, -0.384252, -0.543663,  0.801190, -0.490979,  0.000000],
    "max":  [ 0.227682,  0.134118,  0.133222,  1.000000,  0.543800,  0.389145,  0.522029,  1.000000,  0.414190,  1.000000],
    "q01":  [-0.065029, -0.030683, -0.075321,  0.981664, -0.137429, -0.069593, -0.140220,  0.976885, -0.140399,  0.000000],
    "q99":  [ 0.068546,  0.036309,  0.051772,  1.000000,  0.140290,  0.079942,  0.137529,  1.000000,  0.113651,  1.000000]
  }
}
