{
    "robot0_main_camera": {
        "type": "identity",
        "scale": 1.0,
        "offset": 0.0
    },
    "camera_poses": {
        "type": "clamped_range",
        "scale": [
            0.08000008940696716,
            0.08000008940696716,
            0.08000008940696716,
            1.0,
            1.0,
            1.0,
            1.0,
            1.0,
            1.0
        ],
        "offset": [
            0.0,
            0.0,
            0.0,
            0.0,
            0.0,
            0.0,
            0.0,
            0.0,
            0.0
        ]
    },
    "eef_poses": {
        "type": "clamped_range",
        "scale": [
            0.08000008940696716,
            0.08000008940696716,
            0.08000008940696716,
            1.0,
            1.0,
            1.0,
            1.0,
            1.0,
            1.0
        ],
        "offset": [
            0.0,
            0.0,
            0.0,
            0.0,
            0.0,
            0.0,
            0.0,
            0.0,
            0.0
        ]
    },
    "eef_commands": {
        "type": "clamped_range",
        "scale": [
            0.10000010132789612
        ],
        "offset": [
            0.10000000074505806
        ]
    },
    "grasp_states": {
        "type": "clamped_range",
        "scale": [
            0.1,
            0.1,
            0.1,
            0.1,
            0.1,
            0.1
        ],
        "offset": [
            0.0,
            0.0,
            0.0,
            0.0,
            0.0,
            0.0
        ]
    }
}
