{
    "robot0_main_camera": {
        "type": "identity",
        "scale": 1.0,
        "offset": 0.0
    },
    "camera_poses": {
        "type": "clamped_range",
        "scale": [
            0.25000008940696716,
            0.25000008940696716,
            0.25000008940696716,
            0.0750000849366188,
            0.25000008940696716,
            0.25000008940696716,
            0.25000008940696716,
            0.0750000849366188,
            0.25000008940696716
        ],
        "offset": [
            0.0,
            0.0,
            0.0,
            0.925000011920929,
            0.0,
            0.0,
            0.0,
            0.925000011920929,
            0.0
        ]
    },
    "eef_poses": {
        "type": "clamped_range",
        "scale": [
            0.25000008940696716,
            0.25000008940696716,
            0.25000008940696716,
            0.0750000849366188,
            0.25000008940696716,
            0.25000008940696716,
            0.25000008940696716,
            0.0750000849366188,
            0.25000008940696716
        ],
        "offset": [
            0.0,
            0.0,
            0.0,
            0.925000011920929,
            0.0,
            0.0,
            0.0,
            0.925000011920929,
            0.0
        ]
    },
    "eef_commands": {
        "type": "clamped_range",
        "scale": [
            0.05000010132789612
        ],
        "offset": [
            0.05000000074505806
        ]
    },
    "grasp_states": {
        "type": "clamped_range",
        "scale": [
            0.1,
            0.1,
            0.1,
            0.1,
            0.1,
            0.1
        ],
        "offset": [
            0.0,
            0.0,
            0.0,
            0.0,
            0.0,
            0.0
        ]
    }
}
