{
  "metadata": {
    "action_dim": 7,
    "chunk_length": 1,
    "num_samples": 10000,
    "total_action_frames": 10000,
    "processing_time_s": 11.293463945388794,
    "config_path": "cosmos_framework/configs/base/config.py",
    "split": "train",
    "experiment": "libero_exp",
    "config_overrides": [
      "--",
      "experiment=libero_exp"
    ]
  },
  "global": {
    "mean": [
      0.010700089146313277,
      0.059342142708553126,
      -0.08804116051685972,
      0.003358964275650197,
      0.0031843214033986456,
      -0.0034359285722253877,
      0.45609999999999973
    ],
    "std": [
      0.29001801614779354,
      0.3642332438293914,
      0.4413559193152232,
      0.0468960901544023,
      0.0627405349745355,
      0.08982732429699941,
      0.49809396679740553
    ],
    "min": [
      -0.9375,
      -0.9375,
      -0.9375,
      -0.2978571355342865,
      -0.302142858505249,
      -0.375,
      0.0
    ],
    "max": [
      0.9375,
      0.9375,
      0.9375,
      0.3257142901420593,
      0.3546428680419922,
      0.3750000298023224,
      1.0
    ],
    "count": 10000
  },
  "per_timestep": {
    "mean": [
      [
        0.010700089146313277,
        0.059342142708553126,
        -0.08804116051685972,
        0.003358964275650197,
        0.0031843214033986456,
        -0.0034359285722253877,
        0.45609999999999973
      ]
    ],
    "std": [
      [
        0.29001801614779354,
        0.3642332438293914,
        0.4413559193152232,
        0.0468960901544023,
        0.0627405349745355,
        0.08982732429699941,
        0.49809396679740553
      ]
    ],
    "min": [
      [
        -0.9375,
        -0.9375,
        -0.9375,
        -0.2978571355342865,
        -0.302142858505249,
        -0.375,
        0.0
      ]
    ],
    "max": [
      [
        0.9375,
        0.9375,
        0.9375,
        0.3257142901420593,
        0.3546428680419922,
        0.3750000298023224,
        1.0
      ]
    ]
  }
}
